efd3b5a367fc572f57519457b0eee2178c5e96ac,Maurício Aniche
97dce25fb3bdc6a0b4a9fa68807025ea956f8345,Maurício Aniche
3ec25b549c1b4e571f87fe7c0c408684cc9293dc,Maurício Aniche
a6ac3926c62a32a5a8acbcc16b6f33f53e6df9fa,Maurício Aniche
b9cbdadf92bb57745d0367dc3a9730e7afb61820,Maurício Aniche
4bbbff60b57db644451979f89a23e7f52ab4cf46,Maurício Aniche
09c556a1a6ca67f1240ee1b1bc0f545c4bf80c5a,Maurício Aniche
42f2307eae77ab4dde94c521ed7733aae9235642,Maurício Aniche
abeeb7df91844b0181948c158311fc0eab11e1fe,Maurício Aniche
f2c1ced9381432ec59c6f9b5aeb41b697c141c98,Maurício Aniche
31386d2b1c368d224df9c02a00630dbe1f202575,Maurício Aniche
4e732a324ca6c24b80ccdd22f8ab92c4dd5326f1,Maurício Aniche
6e7b0fc121189d73bcff1da8e3c0be63b1c07dc1,Maurício Aniche
b9a8621b51e5d6e5c07849961a1189864797d444,Maurício Aniche
916d0ae037668db71e664f09fc53e13a11457727,Maurício Aniche
b723b29a428ff12f565587b7b142fe987e8e20ea,Maurício Aniche
